<?xml version="1.0" encoding="UTF-8"?>
<project-private xmlns="http://www.netbeans.org/ns/project-private/1">
    <editor-bookmarks xmlns="http://www.netbeans.org/ns/editor-bookmarks/2" lastBookmarkId="0"/>
    <open-files xmlns="http://www.netbeans.org/ns/projectui-open-files/2">
        <group>
            <file>file:/D:/XAMPP/htdocs/PHP%20proekt%207/index.php</file>
            <file>file:/D:/XAMPP/htdocs/PHP%20proekt%207/gameCardStyle.css</file>
            <file>file:/D:/XAMPP/htdocs/PHP%20proekt%207/searchResults.php</file>
            <file>file:/D:/XAMPP/htdocs/PHP%20proekt%207/Login.php</file>
            <file>file:/D:/XAMPP/htdocs/PHP%20proekt%207/Models/gameCard.php</file>
            <file>file:/D:/XAMPP/htdocs/PHP%20proekt%207/Models/UserGame.php</file>
            <file>file:/D:/XAMPP/htdocs/PHP%20proekt%207/listEntries.php</file>
        </group>
    </open-files>
</project-private>
